tier,session,h,block,n,vol,w_eff,w_real,w_impact
101-1000,close,1s,186,74674,7475244.0,71408286.23363227,-20195876.802812997,91604163.03644519
101-1000,close,1s,187,72987,7119784.0,53441898.871085085,-17621114.142560083,71063013.01364516
101-1000,close,1s,188,90905,9415778.0,73749208.15158561,-26353449.05898598,100102657.21057157
101-1000,close,1s,189,98289,10159662.0,66698405.67301668,-19928309.977917258,86626715.65093395
101-1000,close,1s,190,141335,15158660.0,98331313.77335493,-8821769.441532563,107153083.2148875
101-1000,close,1s,191,200425,27398505.0,232995149.55180886,-4311153.117889249,237306302.66969815
101-1000,close,30s,186,74674,7475244.0,71408286.23363224,-44725240.40107094,116133526.63470319
101-1000,close,30s,187,72987,7119784.0,53441898.87108508,-22049646.890633382,75491545.76171845
101-1000,close,30s,188,90905,9415778.0,73749208.1515856,-32421141.798412036,106170349.94999765
101-1000,close,30s,189,98289,10159662.0,66698405.6730167,-27806663.393447958,94505069.06646466
101-1000,close,30s,190,141335,15158660.0,98331313.7733549,-14817905.403301815,113149219.17665675
101-1000,close,30s,191,200425,27398505.0,232995149.55180883,-50663077.4177633,283658226.9695724
101-1000,close,5s,186,74674,7475244.0,71408286.2336322,-33616724.43451106,105025010.6681433
101-1000,close,5s,187,72987,7119784.0,53441898.87108507,-20619685.17271456,74061584.04379965
101-1000,close,5s,188,90905,9415778.0,73749208.15158561,-29932859.6330902,103682067.78467582
101-1000,close,5s,189,98289,10159662.0,66698405.6730167,-24015954.268254608,90714359.9412713
101-1000,close,5s,190,141335,15158660.0,98331313.77335489,-16680073.189484412,115011386.96283932
101-1000,close,5s,191,200425,27398505.0,232995149.5518088,-38796868.12789882,271792017.6797077
101-1000,midday,1s,120,62712,7092073.0,98161691.14410289,-50252831.93268594,148414523.0767889
101-1000,midday,1s,121,56974,6620468.0,84275174.98219578,-18393077.60245164,102668252.58464742
101-1000,midday,1s,122,55582,6104817.0,70468965.24651548,-25688027.691588182,96156992.93810366
101-1000,midday,1s,123,55678,6646114.0,113551805.46035346,-16709585.771112315,130261391.23146573
101-1000,midday,1s,124,50977,5854378.0,118152490.74271663,17934847.10726153,100217643.63545515
101-1000,midday,1s,125,46168,5145600.0,64494762.636506274,-17286738.08969786,81781500.72620413
101-1000,midday,1s,126,58407,6476908.0,81524537.21079564,-19920156.36864888,101444693.57944451
101-1000,midday,1s,127,56762,6063535.0,66355477.36011889,-9779840.11342406,76135317.47354296
101-1000,midday,1s,128,54866,6156636.0,82675823.04053335,-11673870.163084686,94349693.20361803
101-1000,midday,1s,129,57454,6572374.0,93390073.23213905,-36660664.12331382,130050737.35545288
101-1000,midday,1s,130,59762,6908739.0,85221772.56299362,-33382214.21806668,118603986.78106032
101-1000,midday,1s,131,55241,6300532.0,68472123.24923697,-14035066.651531786,82507189.90076877
101-1000,midday,1s,132,51621,5838267.0,73895628.86229275,-15807233.999129489,89702862.86142224
101-1000,midday,1s,133,46474,5063628.0,72291173.87749673,-8691696.311014328,80982870.18851112
101-1000,midday,1s,134,49213,5467846.0,71577067.24254045,-17959991.174756654,89537058.41729711
101-1000,midday,1s,135,45117,4925230.0,55069822.70762452,-10309586.369116163,65379409.07674066
101-1000,midday,1s,136,45123,4312696.0,41462514.70777879,-9855767.527349882,51318282.23512867
101-1000,midday,1s,137,42636,4320503.0,42126955.41178572,-6844782.573839455,48971737.98562517
101-1000,midday,1s,138,45780,4850280.0,50866308.30694876,-15107445.87389166,65973754.18084042
101-1000,midday,1s,139,44091,4776450.0,182031219.21132877,116088175.70456032,65943043.50676811
101-1000,midday,1s,140,42383,4323510.0,169582043.86845654,102622936.26873998,66959107.5997165
101-1000,midday,1s,141,43915,4557557.0,46408150.268460505,-16118077.51049712,62526227.77895761
101-1000,midday,1s,142,37416,3949870.0,41972464.223626405,-10214151.105923198,52186615.329549596
101-1000,midday,1s,143,37010,3716320.0,43221737.698922805,-40311822.275857806,83533559.97478068
101-1000,midday,1s,144,34023,3251486.0,36670066.97815781,-10091098.277465032,46761165.25562284
101-1000,midday,1s,145,35759,3816977.0,43393739.189860575,-20682533.056539193,64076272.24639977
101-1000,midday,1s,146,35075,3462898.0,38756997.645803735,-29300550.855797015,68057548.50160073
101-1000,midday,1s,147,37108,3761309.0,35837337.857586935,-18420888.974202976,54258226.83178991
101-1000,midday,1s,148,31044,2732559.0,23516569.303613476,-2955164.587302873,26471733.89091635
101-1000,midday,1s,149,39599,3744559.0,34130115.80274381,-11496847.180351214,45626962.98309502
101-1000,midday,1s,150,36284,3381793.0,30350017.38086735,-14061378.950644115,44411396.33151146
101-1000,midday,1s,151,58292,6128456.0,50287107.337692104,-29688653.96545133,79975761.30314344
101-1000,midday,1s,152,37862,3951590.0,49686697.00572656,-23716280.012903277,73402977.01862982
101-1000,midday,1s,153,38210,3933517.0,55459301.82055999,622351.5266623556,54836950.29389764
101-1000,midday,1s,154,38860,4004916.0,33404426.63839677,-16672229.911907177,50076656.550303936
101-1000,midday,1s,155,31511,3058171.0,32492019.418220446,-3241027.312898859,35733046.731119305
101-1000,midday,1s,156,34863,3395428.0,37852572.72824973,-9078525.258314691,46931097.986564405
101-1000,midday,1s,157,32925,3136592.0,31314588.69719055,-7221460.239615078,38536048.93680563
101-1000,midday,1s,158,33794,3291806.0,36607247.31732931,-5843751.275564526,42450998.59289383
101-1000,midday,1s,159,34423,3219942.0,30792171.753250957,-12681669.92433319,43473841.67758414
101-1000,midday,1s,160,31631,3179030.0,30023880.980989728,-9537560.540134197,39561441.52112393
101-1000,midday,1s,161,31367,3182035.0,32498574.530790187,-3102989.678100153,35601564.20889034
101-1000,midday,1s,162,37583,3570608.0,37559363.349586196,-25518298.111534532,63077661.461120725
101-1000,midday,1s,163,30748,2835475.0,23385984.78429937,-17411697.03766651,40797681.82196588
101-1000,midday,1s,164,29684,2918312.0,36349195.078710884,-14915842.151184121,51265037.22989501
101-1000,midday,1s,165,31493,2941728.0,33535676.490811747,-1387033.8066978622,34922710.29750961
101-1000,midday,1s,166,29247,2988733.0,32844514.0410785,-5031541.04631022,37876055.087388724
101-1000,midday,1s,167,34898,3466138.0,37430390.54572564,-11049846.740423853,48480237.28614948
101-1000,midday,1s,168,35833,3467054.0,36885708.44838727,-16655848.560130376,53541557.00851766
101-1000,midday,1s,169,36922,3587648.0,37640529.98273162,-8570044.626527837,46210574.609259464
101-1000,midday,1s,170,35554,3197514.0,25766762.63837919,-6452181.624185109,32218944.262564298
101-1000,midday,1s,171,36192,3474907.0,30795142.138440624,-16983987.76468691,47779129.90312753
101-1000,midday,1s,172,34462,3350239.0,30305673.754414733,-12171211.02052879,42476884.77494352
101-1000,midday,1s,173,34666,3569762.0,38621243.86944707,-2314964.252997364,40936208.122444436
101-1000,midday,1s,174,33834,3276635.0,26744620.692891177,-9377062.417898487,36121683.11078967
101-1000,midday,1s,175,34202,3603321.0,28332990.002467122,-13013586.268401131,41346576.27086826
101-1000,midday,1s,176,113638,14460449.0,133113356.19956025,-53998915.30275027,187112271.50231054
101-1000,midday,1s,177,74856,8482916.0,61802799.072566435,-28350445.742336974,90153244.81490341
101-1000,midday,1s,178,47028,4728878.0,33494984.9034676,-13542973.559359597,47037958.4628272
101-1000,midday,1s,179,62474,6516578.0,51224927.28399234,-16749630.285526007,67974557.56951834
101-1000,midday,1s,180,66008,6774319.0,48267441.283442035,-20049704.291988105,68317145.57543014
101-1000,midday,1s,181,55225,5611026.0,43556213.74061728,-21020839.990472484,64577053.73108977
101-1000,midday,1s,182,51165,4943433.0,41119475.26076761,-12011898.607178852,53131373.86794647
101-1000,midday,1s,183,57190,5502928.0,42652130.307294145,-10813853.309788276,53465983.617082424
101-1000,midday,1s,184,59456,6198584.0,48831132.07025962,-20550464.382754683,69381596.4530143
101-1000,midday,1s,185,65076,6663266.0,53323619.00404325,-15231980.334126776,68555599.33817
101-1000,midday,30s,120,62712,7092073.0,98161691.14410289,-77481715.65098819,175643406.79509115
101-1000,midday,30s,121,56974,6620468.0,84275174.98219578,-48540499.98765242,132815674.96984823
101-1000,midday,30s,122,55582,6104817.0,70468965.24651548,-37438662.96082667,107907628.20734216
101-1000,midday,30s,123,55678,6646114.0,113551805.46035346,-67461313.68947093,181013119.14982423
101-1000,midday,30s,124,50977,5854378.0,118152490.74271666,-15134177.706228111,133286668.44894475
101-1000,midday,30s,125,46168,5145600.0,64494762.63650624,-25362833.308382344,89857595.94488862
101-1000,midday,30s,126,58407,6476908.0,81524537.21079564,-34781409.039734125,116305946.25052978
101-1000,midday,30s,127,56762,6063535.0,66355477.360118896,-29746727.491183925,96102204.85130282
101-1000,midday,30s,128,54866,6156636.0,82675823.04053335,-33495041.271594804,116170864.31212816
101-1000,midday,30s,129,57454,6572374.0,93390073.23213907,-63783118.96636002,157173192.19849905
101-1000,midday,30s,130,59762,6908739.0,85221772.56299362,-44407895.92949553,129629668.49248914
101-1000,midday,30s,131,55241,6300532.0,68472123.24923699,-27442019.138275456,95914142.38751245
101-1000,midday,30s,132,51621,5838267.0,73895628.86229275,-42439767.017040074,116335395.87933281
101-1000,midday,30s,133,46474,5063628.0,72291173.87749675,1867773.6806710775,70423400.1968257
101-1000,midday,30s,134,49213,5467846.0,71577067.24254045,-34367974.217712454,105945041.46025288
101-1000,midday,30s,135,45117,4925230.0,55069822.70762451,-15717091.345473262,70786914.05309777
101-1000,midday,30s,136,45123,4312696.0,41462514.70777878,-14973497.8479939,56436012.55577268
101-1000,midday,30s,137,42636,4320503.0,42126955.41178573,-6092665.08224619,48219620.49403192
101-1000,midday,30s,138,45780,4850280.0,50866308.30694876,-17221296.048698477,68087604.35564727
101-1000,midday,30s,139,44091,4776450.0,182031219.21132857,111139745.41194466,70891473.79938394
101-1000,midday,30s,140,42383,4323510.0,169582043.86845648,90410376.10206762,79171667.76638888
101-1000,midday,30s,141,43915,4557557.0,46408150.26846049,-9359085.742915297,55767236.01137581
101-1000,midday,30s,142,37416,3949870.0,41972464.2236264,-20092110.153760817,62064574.37738723
101-1000,midday,30s,143,37010,3716320.0,43221737.69892282,2610170.653311593,40611567.045611195
101-1000,midday,30s,144,34023,3251486.0,36670066.97815781,-16404837.66816451,53074904.64632232
101-1000,midday,30s,145,35759,3816977.0,43393739.189860575,-17513820.24276557,60907559.43262613
101-1000,midday,30s,146,35075,3462898.0,38756997.64580373,-42286399.022675425,81043396.66847917
101-1000,midday,30s,147,37108,3761309.0,35837337.857586935,-19706865.728874855,55544203.5864618
101-1000,midday,30s,148,31044,2732559.0,23516569.303613476,310806.41351274046,23205762.890100732
101-1000,midday,30s,149,39599,3744559.0,34130115.80274381,-21845046.26779952,55975162.07054331
101-1000,midday,30s,150,36284,3381793.0,30350017.380867347,-16455950.767223181,46805968.14809053
101-1000,midday,30s,151,58292,6128456.0,50287107.33769211,-50382008.87480351,100669116.21249563
101-1000,midday,30s,152,37862,3951590.0,49686697.00572655,-29936987.50730031,79623684.51302691
101-1000,midday,30s,153,38210,3933517.0,55459301.82055999,-1287699.3600050362,56747001.18056503
101-1000,midday,30s,154,38860,4004916.0,33404426.638396777,-25796059.535138894,59200486.17353567
101-1000,midday,30s,155,31511,3058171.0,32492019.41822044,-10206761.83269711,42698781.250917554
101-1000,midday,30s,156,34863,3395428.0,37852572.72824972,-25044078.843490064,62896651.571739785
101-1000,midday,30s,157,32925,3136592.0,31314588.697190553,-15830741.9542583,47145330.651448846
101-1000,midday,30s,158,33794,3291806.0,36607247.31732931,-18994768.452519815,55602015.76984911
101-1000,midday,30s,159,34423,3219942.0,30792171.753250953,-18568183.57692416,49360355.33017512
101-1000,midday,30s,160,31631,3179030.0,30023880.98098973,-703039.6229427096,30726920.60393244
101-1000,midday,30s,161,31367,3182035.0,32498574.530790187,-13935374.64953954,46433949.180329725
101-1000,midday,30s,162,37583,3570608.0,37559363.3495862,-24608452.41099912,62167815.76058532
101-1000,midday,30s,163,30748,2835475.0,23385984.784299374,-13819102.842180567,37205087.62647994
101-1000,midday,30s,164,29684,2918312.0,36349195.07871089,-17359313.842387903,53708508.9210988
101-1000,midday,30s,165,31493,2941728.0,33535676.49081175,-4123810.9586204872,37659487.44943224
101-1000,midday,30s,166,29247,2988733.0,32844514.0410785,-10941692.876935495,43786206.918014
101-1000,midday,30s,167,34898,3466138.0,37430390.54572563,-22458656.02900419,59889046.57472982
101-1000,midday,30s,168,35833,3467054.0,36885708.44838728,-27315964.368472453,64201672.81685977
101-1000,midday,30s,169,36922,3587648.0,37640529.98273161,-14090161.10018503,51730691.08291664
101-1000,midday,30s,170,35554,3197514.0,25766762.638379186,-14473129.672267571,40239892.31064675
101-1000,midday,30s,171,36192,3474907.0,30795142.138440624,-20243661.783358607,51038803.92179923
101-1000,midday,30s,172,34462,3350239.0,30305673.754414737,-14128143.854227096,44433817.60864183
101-1000,midday,30s,173,34666,3569762.0,38621243.869447075,-17364177.7662561,55985421.63570317
101-1000,midday,30s,174,33834,3276635.0,26744620.692891177,-11969138.5513012,38713759.24419238
101-1000,midday,30s,175,34202,3603321.0,28332990.002467114,-13573096.302915981,41906086.3053831
101-1000,midday,30s,176,113638,14460449.0,133113356.19956024,-129849036.06496592,262962392.26452613
101-1000,midday,30s,177,74856,8482916.0,61802799.072566435,-21704008.107498556,83506807.180065
101-1000,midday,30s,178,47028,4728878.0,33494984.903467603,-11040493.216651376,44535478.120118976
101-1000,midday,30s,179,62474,6516578.0,51224927.283992335,-23349105.31557525,74574032.59956759
101-1000,midday,30s,180,66008,6774319.0,48267441.283442035,-26875260.41803851,75142701.70148057
101-1000,midday,30s,181,55225,5611026.0,43556213.74061728,-22361312.53619475,65917526.27681203
101-1000,midday,30s,182,51165,4943433.0,41119475.2607676,-14149913.431976058,55269388.692743644
101-1000,midday,30s,183,57190,5502928.0,42652130.30729414,-20335724.272310127,62987854.57960427
101-1000,midday,30s,184,59456,6198584.0,48831132.07025962,-24097570.669744972,72928702.7400046
101-1000,midday,30s,185,65076,6663266.0,53323619.00404324,-27089292.955464672,80412911.95950793
101-1000,midday,5s,120,62712,7092073.0,98161691.14410287,-64355880.89888248,162517572.04298547
101-1000,midday,5s,121,56974,6620468.0,84275174.9821958,-34688078.27696641,118963253.2591622
101-1000,midday,5s,122,55582,6104817.0,70468965.24651548,-33560986.95494859,104029952.20146409
101-1000,midday,5s,123,55678,6646114.0,113551805.46035345,-24548013.404543713,138099818.8648971
101-1000,midday,5s,124,50977,5854378.0,118152490.74271655,-5366441.110094715,123518931.85281141
101-1000,midday,5s,125,46168,5145600.0,64494762.636506245,-25051786.2771795,89546548.91368575
101-1000,midday,5s,126,58407,6476908.0,81524537.21079563,-28241255.931264527,109765793.14206019
101-1000,midday,5s,127,56762,6063535.0,66355477.360118896,-21125295.78667971,87480773.1467986
101-1000,midday,5s,128,54866,6156636.0,82675823.04053335,-18427438.37371208,101103261.41424543
101-1000,midday,5s,129,57454,6572374.0,93390073.23213907,-57116198.81630563,150506272.0484447
101-1000,midday,5s,130,59762,6908739.0,85221772.56299362,-33087964.61039823,118309737.17339186
101-1000,midday,5s,131,55241,6300532.0,68472123.24923697,-22449938.379685014,90922061.62892199
101-1000,midday,5s,132,51621,5838267.0,73895628.86229275,-28151959.0669514,102047587.92924415
101-1000,midday,5s,133,46474,5063628.0,72291173.87749675,-12904951.64938047,85196125.52687724
101-1000,midday,5s,134,49213,5467846.0,71577067.24254045,-25203154.331898075,96780221.57443853
101-1000,midday,5s,135,45117,4925230.0,55069822.707624525,-14062660.788055768,69132483.49568029
101-1000,midday,5s,136,45123,4312696.0,41462514.7077788,-11934781.778242216,53397296.48602102
101-1000,midday,5s,137,42636,4320503.0,42126955.41178573,-9025676.825874133,51152632.23765985
101-1000,midday,5s,138,45780,4850280.0,50866308.306948766,-15232623.512357943,66098931.81930672
101-1000,midday,5s,139,44091,4776450.0,182031219.21132848,116085169.74996427,65946049.46136414
101-1000,midday,5s,140,42383,4323510.0,169582043.86845663,97140249.82187998,72441794.04657671
101-1000,midday,5s,141,43915,4557557.0,46408150.26846051,907841.7205553474,45500308.54790514
101-1000,midday,5s,142,37416,3949870.0,41972464.223626405,-14545274.540512543,56517738.76413895
101-1000,midday,5s,143,37010,3716320.0,43221737.69892281,-68866720.57332584,112088458.2722486
101-1000,midday,5s,144,34023,3251486.0,36670066.97815781,-12565542.115034267,49235609.093192086
101-1000,midday,5s,145,35759,3816977.0,43393739.18986057,-18457229.41022999,61850968.60009055
101-1000,midday,5s,146,35075,3462898.0,38756997.64580373,-36982811.66452543,75739809.31032914
101-1000,midday,5s,147,37108,3761309.0,35837337.857586935,-18137569.408155613,53974907.26574254
101-1000,midday,5s,148,31044,2732559.0,23516569.303613473,-4299838.024143132,27816407.32775661
101-1000,midday,5s,149,39599,3744559.0,34130115.802743815,-14077281.016751628,48207396.81949544
101-1000,midday,5s,150,36284,3381793.0,30350017.380867343,-14203337.835412234,44553355.21627958
101-1000,midday,5s,151,58292,6128456.0,50287107.3376921,-32157190.43406545,82444297.77175756
101-1000,midday,5s,152,37862,3951590.0,49686697.00572657,-30644002.227940824,80330699.23366739
101-1000,midday,5s,153,38210,3933517.0,55459301.82055999,1482844.8862504424,53976456.93430956
101-1000,midday,5s,154,38860,4004916.0,33404426.63839677,-19271505.92788424,52675932.566281006
101-1000,midday,5s,155,31511,3058171.0,32492019.418220453,-3028283.0784245566,35520302.496645
101-1000,midday,5s,156,34863,3395428.0,37852572.72824972,-12513277.418157682,50365850.1464074
101-1000,midday,5s,157,32925,3136592.0,31314588.69719055,-13620040.61101892,44934629.308209464
101-1000,midday,5s,158,33794,3291806.0,36607247.31732931,-13252886.514811387,49860133.83214069
101-1000,midday,5s,159,34423,3219942.0,30792171.753250953,-13220407.614361066,44012579.36761203
101-1000,midday,5s,160,31631,3179030.0,30023880.980989728,-8817575.097849503,38841456.078839235
101-1000,midday,5s,161,31367,3182035.0,32498574.530790187,-10682377.481973628,43180952.01276381
101-1000,midday,5s,162,37583,3570608.0,37559363.34958619,-22351152.9507534,59910516.30033959
101-1000,midday,5s,163,30748,2835475.0,23385984.784299374,-15509778.406436902,38895763.19073628
101-1000,midday,5s,164,29684,2918312.0,36349195.07871089,-15337972.686696952,51687167.765407845
101-1000,midday,5s,165,31493,2941728.0,33535676.490811747,-2570743.24051869,36106419.73133043
101-1000,midday,5s,166,29247,2988733.0,32844514.041078504,-9268472.994337944,42112987.03541645
101-1000,midday,5s,167,34898,3466138.0,37430390.54572564,-21027156.899722308,58457547.445447974
101-1000,midday,5s,168,35833,3467054.0,36885708.44838728,-26331022.120361242,63216730.56874853
101-1000,midday,5s,169,36922,3587648.0,37640529.98273162,-11267660.379853962,48908190.36258558
101-1000,midday,5s,170,35554,3197514.0,25766762.63837919,-10687730.642151905,36454493.28053109
101-1000,midday,5s,171,36192,3474907.0,30795142.13844062,-18072928.642827213,48868070.78126783
101-1000,midday,5s,172,34462,3350239.0,30305673.75441474,-13669768.674903873,43975442.42931861
101-1000,midday,5s,173,34666,3569762.0,38621243.869447075,-3779883.6236052983,42401127.49305237
101-1000,midday,5s,174,33834,3276635.0,26744620.692891177,-9559472.502904175,36304093.19579536
101-1000,midday,5s,175,34202,3603321.0,28332990.00246712,-14109569.568909695,42442559.571376815
101-1000,midday,5s,176,113638,14460449.0,133113356.19956024,-101333320.7921978,234446676.99175802
101-1000,midday,5s,177,74856,8482916.0,61802799.072566435,-33674646.89529177,95477445.9678582
101-1000,midday,5s,178,47028,4728878.0,33494984.9034676,-13430070.987910433,46925055.89137803
101-1000,midday,5s,179,62474,6516578.0,51224927.28399233,-19689320.34947314,70914247.63346547
101-1000,midday,5s,180,66008,6774319.0,48267441.283442035,-25633572.83753748,73901014.12097952
101-1000,midday,5s,181,55225,5611026.0,43556213.74061729,-22182765.904715084,65738979.645332366
101-1000,midday,5s,182,51165,4943433.0,41119475.2607676,-13279920.389127279,54399395.64989489
101-1000,midday,5s,183,57190,5502928.0,42652130.307294145,-12093684.763139471,54745815.07043362
101-1000,midday,5s,184,59456,6198584.0,48831132.07025962,-22994745.41363375,71825877.48389336
101-1000,midday,5s,185,65076,6663266.0,53323619.004043244,-15823595.289180245,69147214.29322349
101-1000,open,1s,114,89268,13118814.0,510799601.6544846,136549724.03590348,374249877.61858165
101-1000,open,1s,115,75101,9974700.0,200782196.88614494,-66848501.69793262,267630698.5840776
101-1000,open,1s,116,61298,7643219.0,230631458.48843038,47812880.62613875,182818577.86229157
101-1000,open,1s,117,65424,8255590.0,120257344.198406,-12748692.331295608,133006036.5297016
101-1000,open,1s,118,60572,7139224.0,92454311.08830729,-25355414.962251384,117809726.05055866
101-1000,open,1s,119,55274,6398079.0,268405431.03531194,131890344.47633338,136515086.5589792
101-1000,open,30s,114,89268,13118814.0,510799601.65448534,30578644.48904722,480220957.16543794
101-1000,open,30s,115,75101,9974700.0,200782196.88614488,-130609099.94688188,331391296.8330268
101-1000,open,30s,116,61298,7643219.0,230631458.48843032,-109393053.9345482,340024512.4229784
101-1000,open,30s,117,65424,8255590.0,120257344.19840601,12853635.06147138,107403709.1369346
101-1000,open,30s,118,60572,7139224.0,92454311.08830728,-55484183.449560165,147938494.5378674
101-1000,open,30s,119,55274,6398079.0,268405431.03531188,-138597209.39505014,407002640.4303622
101-1000,open,5s,114,89268,13118814.0,510799601.654485,76990941.8538127,433808659.80067253
101-1000,open,5s,115,75101,9974700.0,200782196.8861449,-88804715.27545255,289586912.16159755
101-1000,open,5s,116,61298,7643219.0,230631458.48843032,19962474.348112665,210668984.14031753
101-1000,open,5s,117,65424,8255590.0,120257344.19840598,10559590.098372974,109697754.10003315
101-1000,open,5s,118,60572,7139224.0,92454311.08830726,-36463174.55917251,128917485.64747976
101-1000,open,5s,119,55274,6398079.0,268405431.0353122,83153773.67451636,185251657.36079577
rest,close,1s,186,58736,3325723.0,64160824.96290577,-4790423.695960591,68951248.65886636
rest,close,1s,187,60054,3424806.0,63567754.24523918,-3853491.593520794,67421245.83875999
rest,close,1s,188,68719,4306821.0,72670962.30468115,-7794158.016128585,80465120.32080974
rest,close,1s,189,74937,4584760.0,80987340.76735201,-2950919.676671244,83938260.44402328
rest,close,1s,190,116575,7129744.0,123830013.14436954,32307755.234038804,91522257.91033077
rest,close,1s,191,183797,13737664.0,214811755.38025847,41009661.28884756,173802094.09141093
rest,close,30s,186,58736,3325723.0,64160824.962905765,-15469731.478319233,79630556.441225
rest,close,30s,187,60054,3424806.0,63567754.245239176,-8802088.141116083,72369842.38635527
rest,close,30s,188,68719,4306821.0,72670962.30468115,-15737832.187429562,88408794.49211071
rest,close,30s,189,74937,4584760.0,80987340.76735203,-11597767.982774967,92585108.75012699
rest,close,30s,190,116575,7129744.0,123830013.14436957,21496818.91926319,102333194.22510634
rest,close,30s,191,183797,13737664.0,214811755.38025844,64408324.320412144,150403431.05984637
rest,close,5s,186,58736,3325723.0,64160824.962905765,-13802291.28350897,77963116.24641475
rest,close,5s,187,60054,3424806.0,63567754.24523917,-5428654.38898325,68996408.63422243
rest,close,5s,188,68719,4306821.0,72670962.30468115,-14587142.038482731,87258104.3431639
rest,close,5s,189,74937,4584760.0,80987340.76735201,-4794147.522214639,85781488.28956667
rest,close,5s,190,116575,7129744.0,123830013.14436951,27397945.080835257,96432068.06353432
rest,close,5s,191,183797,13737664.0,214811755.38025847,99420345.27967106,115391410.10058732
rest,midday,1s,120,30414,2224803.0,75365095.7441613,9621663.922420757,65743431.821740516
rest,midday,1s,121,30728,2287928.0,66892444.15488399,6885035.385948467,60007408.768935524
rest,midday,1s,122,31136,2358063.0,74542146.04994042,2162478.696651853,72379667.35328858
rest,midday,1s,123,32671,2565006.0,107713131.64609492,34913922.23228322,72799209.4138117
rest,midday,1s,124,26056,1996207.0,59768278.688398205,-2867104.1987986434,62635382.88719685
rest,midday,1s,125,24288,1818437.0,85536835.4871862,37901977.66836115,47634857.81882505
rest,midday,1s,126,35552,2593835.0,79107056.63192475,33262.35110288638,79073794.28082186
rest,midday,1s,127,32872,2392760.0,76276645.11729984,-2235072.6663522203,78511717.78365207
rest,midday,1s,128,34469,2555722.0,71978692.42499273,-1810675.5478718865,73789367.9728646
rest,midday,1s,129,34137,2443366.0,61410953.31760867,6953256.155291667,54457697.162317
rest,midday,1s,130,39344,2926488.0,88916047.34988976,10767489.687291076,78148557.66259867
rest,midday,1s,131,34480,2632301.0,72226371.80648418,-3208641.810732247,75435013.61721642
rest,midday,1s,132,31810,2221734.0,66837060.37742839,-5275208.594105207,72112268.9715336
rest,midday,1s,133,29908,2088215.0,57446884.08845497,-4390414.10109134,61837298.1895463
rest,midday,1s,134,29328,1966628.0,53240676.76288027,-5820423.510796413,59061100.273676686
rest,midday,1s,135,26696,1734599.0,47943602.90538772,278277.1632419898,47665325.74214573
rest,midday,1s,136,29409,1867644.0,49330345.80187238,2223218.7573726536,47107127.04449973
rest,midday,1s,137,25371,1675444.0,89317864.83121958,31968869.866106514,57348994.96511307
rest,midday,1s,138,30750,1890841.0,104596477.9558957,49187485.93413002,55408992.021765694
rest,midday,1s,139,28438,1786396.0,119151809.24018073,42275658.134032995,76876151.10614777
rest,midday,1s,140,27269,1649956.0,40934620.88026349,-7087119.627373771,48021740.50763726
rest,midday,1s,141,29400,1831806.0,108849951.53790113,48332981.299526595,60516970.23837455
rest,midday,1s,142,22980,1433690.0,41804383.80252519,-1003006.836301176,42807390.63882636
rest,midday,1s,143,26534,1665243.0,36706759.23401831,-1919458.9246713454,38626218.158689655
rest,midday,1s,144,23938,1334149.0,40366761.003254585,-3693983.0880941115,44060744.0913487
rest,midday,1s,145,26030,1507384.0,37535066.20265322,-4383354.798795269,41918421.0014485
rest,midday,1s,146,26318,1476981.0,40822761.39921957,-5037845.061271587,45860606.46049117
rest,midday,1s,147,26889,1462119.0,33231867.654370584,2152981.1490064654,31078886.505364116
rest,midday,1s,148,23379,1251804.0,32696962.0190228,3931465.4639143157,28765496.55510848
rest,midday,1s,149,31156,1791500.0,36444013.729453504,-4012350.0492737982,40456363.7787273
rest,midday,1s,150,25939,1465165.0,54353378.633630924,-15308509.087861188,69661887.72149213
rest,midday,1s,151,40622,2420770.0,49616915.54743655,-10249643.533286989,59866559.08072353
rest,midday,1s,152,23405,1400011.0,37300161.60933068,3522868.0066583175,33777293.602672346
rest,midday,1s,153,27261,1606620.0,47985122.27661205,4839402.254301115,43145720.02231094
rest,midday,1s,154,28767,1690991.0,35578083.79008635,-3328813.6769743315,38906897.467060685
rest,midday,1s,155,21300,1272339.0,37979120.86099574,-5256457.617942612,43235578.47893836
rest,midday,1s,156,24040,1413054.0,41518430.17955368,-14584817.439920671,56103247.61947435
rest,midday,1s,157,24391,1629863.0,71740853.68198475,18701446.81047128,53039406.87151345
rest,midday,1s,158,24360,1360704.0,30276967.62437988,-7939740.441664239,38216708.06604412
rest,midday,1s,159,27712,1625490.0,39267608.04858237,5666798.809980264,33600809.23860211
rest,midday,1s,160,23100,1360353.0,37726689.89352683,5762987.160987391,31963702.732539445
rest,midday,1s,161,22092,1312396.0,31200822.04401356,-17712619.06280561,48913441.106819175
rest,midday,1s,162,28870,1635332.0,34008472.5739358,524530.9946361582,33483941.579299636
rest,midday,1s,163,22332,1334400.0,36183710.192618474,-2571805.7109298464,38755515.90354833
rest,midday,1s,164,21391,1253836.0,27855620.01322179,-3248763.3604563097,31104383.3736781
rest,midday,1s,165,24206,1415263.0,32283379.24212566,-19637660.787860915,51921040.02998656
rest,midday,1s,166,22351,1325890.0,35852633.34732756,-3850891.1345094414,39703524.481837
rest,midday,1s,167,28584,1724694.0,51536528.2898986,8700064.544002848,42836463.74589575
rest,midday,1s,168,27211,1711127.0,33083411.828156523,-5803705.267679528,38887117.09583606
rest,midday,1s,169,29168,1725307.0,42629962.98576079,-7064671.305574615,49694634.29133541
rest,midday,1s,170,26320,1536800.0,38249839.8307679,6352691.733417494,31897148.097350404
rest,midday,1s,171,28374,1683165.0,33755486.31899349,-892320.5154628446,34647806.83445633
rest,midday,1s,172,27132,1576938.0,41797955.768532686,-582697.6438225033,42380653.4123552
rest,midday,1s,173,25226,1506407.0,33561394.31413493,3433761.144151849,30127633.16998308
rest,midday,1s,174,30762,1849404.0,34625580.490561694,-14882659.020519417,49508239.51108111
rest,midday,1s,175,32372,1954995.0,36514067.96274238,-5493786.670333841,42007854.63307622
rest,midday,1s,176,77089,5429633.0,85891700.8999719,-11451915.57085237,97343616.47082427
rest,midday,1s,177,41040,2786243.0,50240834.57590793,-6046147.665289228,56286982.24119716
rest,midday,1s,178,29950,1795726.0,50998550.21687805,11580390.269608997,39418159.94726906
rest,midday,1s,179,43784,2714747.0,61500207.170985214,-6921997.521050289,68422204.69203553
rest,midday,1s,180,42739,2581577.0,46372172.39837543,2403207.306995203,43968965.09138023
rest,midday,1s,181,40036,2443895.0,41310608.59678513,-13793417.91372151,55104026.51050663
rest,midday,1s,182,37944,2200255.0,48559153.081397116,2669655.2113649836,45889497.87003213
rest,midday,1s,183,44848,2491442.0,42332277.23877776,1484703.1887709522,40847574.05000681
rest,midday,1s,184,47228,2857022.0,57414070.93526897,-102225.1673364514,57516296.1026054
rest,midday,1s,185,49172,2926525.0,55440627.83765503,4314263.854918323,51126363.98273671
rest,midday,30s,120,30414,2224803.0,75365095.74416128,-3420733.0134382243,78785828.75759949
rest,midday,30s,121,30728,2287928.0,66892444.154883996,648893.8709334717,66243550.28395052
rest,midday,30s,122,31136,2358063.0,74542146.04994044,-13313810.491306737,87855956.54124717
rest,midday,30s,123,32671,2565006.0,107713131.64609492,15322169.158244928,92390962.48784997
rest,midday,30s,124,26056,1996207.0,59768278.68839821,-9123362.330539137,68891641.01893735
rest,midday,30s,125,24288,1818437.0,85536835.48718621,26270648.47246786,59266187.01471833
rest,midday,30s,126,35552,2593835.0,79107056.63192475,-23596303.640260354,102703360.27218509
rest,midday,30s,127,32872,2392760.0,76276645.11729984,-12476406.222982282,88753051.34028211
rest,midday,30s,128,34469,2555722.0,71978692.42499273,-5146931.463659167,77125623.88865188
rest,midday,30s,129,34137,2443366.0,61410953.31760867,-1911849.8727849645,63322803.19039362
rest,midday,30s,130,39344,2926488.0,88916047.34988974,76295.02707731782,88839752.32281242
rest,midday,30s,131,34480,2632301.0,72226371.80648418,-12693526.165890262,84919897.97237445
rest,midday,30s,132,31810,2221734.0,66837060.37742838,-13985236.824116554,80822297.20154494
rest,midday,30s,133,29908,2088215.0,57446884.08845496,-4631153.905222923,62078037.99367789
rest,midday,30s,134,29328,1966628.0,53240676.76288028,-15448854.732314272,68689531.49519455
rest,midday,30s,135,26696,1734599.0,47943602.90538772,-4458677.751442673,52402280.65683039
rest,midday,30s,136,29409,1867644.0,49330345.80187239,-10451827.2043064,59782173.006178774
rest,midday,30s,137,25371,1675444.0,89317864.8312196,31121264.878755536,58196599.952464044
rest,midday,30s,138,30750,1890841.0,104596477.95589569,37125716.62298995,67470761.33290574
rest,midday,30s,139,28438,1786396.0,119151809.24018075,89930213.71151581,29221595.52866491
rest,midday,30s,140,27269,1649956.0,40934620.8802635,-14826672.079618612,55761292.9598821
rest,midday,30s,141,29400,1831806.0,108849951.53790115,-48706604.13920151,157556555.67710266
rest,midday,30s,142,22980,1433690.0,41804383.8025252,-2439677.3068251414,44244061.10935032
rest,midday,30s,143,26534,1665243.0,36706759.23401831,-9380239.008979686,46086998.242998004
rest,midday,30s,144,23938,1334149.0,40366761.003254585,-25730251.133407027,66097012.13666161
rest,midday,30s,145,26030,1507384.0,37535066.202653214,-3933340.1910696537,41468406.39372288
rest,midday,30s,146,26318,1476981.0,40822761.39921957,-6510738.953540321,47333500.35275989
rest,midday,30s,147,26889,1462119.0,33231867.654370584,-680193.472862131,33912061.127232715
rest,midday,30s,148,23379,1251804.0,32696962.019022796,-2652726.3680854053,35349688.38710821
rest,midday,30s,149,31156,1791500.0,36444013.729453504,-7223714.584571288,43667728.31402479
rest,midday,30s,150,25939,1465165.0,54353378.63363092,-36660776.818084866,91014155.45171578
rest,midday,30s,151,40622,2420770.0,49616915.54743655,-26834259.35442966,76451174.90186621
rest,midday,30s,152,23405,1400011.0,37300161.60933067,1787185.9178267159,35512975.69150396
rest,midday,30s,153,27261,1606620.0,47985122.27661205,-1824959.282750866,49810081.559362926
rest,midday,30s,154,28767,1690991.0,35578083.79008635,-7865028.316506302,43443112.106592655
rest,midday,30s,155,21300,1272339.0,37979120.86099575,-6188488.236601348,44167609.09759709
rest,midday,30s,156,24040,1413054.0,41518430.17955368,-15697984.562624246,57216414.742177926
rest,midday,30s,157,24391,1629863.0,71740853.68198474,30964772.574337367,40776081.10764736
rest,midday,30s,158,24360,1360704.0,30276967.624379873,-11179918.204680251,41456885.82906013
rest,midday,30s,159,27712,1625490.0,39267608.048582375,-121221.21563324248,39388829.26421562
rest,midday,30s,160,23100,1360353.0,37726689.89352683,3549810.802729138,34176879.0907977
rest,midday,30s,161,22092,1312396.0,31200822.04401356,-21993573.323149823,53194395.36716339
rest,midday,30s,162,28870,1635332.0,34008472.5739358,-4310122.736216449,38318595.31015225
rest,midday,30s,163,22332,1334400.0,36183710.19261848,-8073411.242283526,44257121.434902
rest,midday,30s,164,21391,1253836.0,27855620.01322179,-645457.4558024924,28501077.469024282
rest,midday,30s,165,24206,1415263.0,32283379.24212566,-29344771.36922441,61628150.61135009
rest,midday,30s,166,22351,1325890.0,35852633.34732755,-11826275.946030607,47678909.29335817
rest,midday,30s,167,28584,1724694.0,51536528.2898986,-1679357.9894593917,53215886.27935799
rest,midday,30s,168,27211,1711127.0,33083411.828156523,-8828540.494608585,41911952.322765104
rest,midday,30s,169,29168,1725307.0,42629962.9857608,-16797352.64585398,59427315.631614804
rest,midday,30s,170,26320,1536800.0,38249839.8307679,6021253.7102410775,32228586.120526824
rest,midday,30s,171,28374,1683165.0,33755486.31899348,-4337511.770368592,38092998.08936208
rest,midday,30s,172,27132,1576938.0,41797955.768532686,-6223768.617363791,48021724.38589647
rest,midday,30s,173,25226,1506407.0,33561394.31413493,-702920.1322832538,34264314.44641818
rest,midday,30s,174,30762,1849404.0,34625580.490561694,-19607406.01034308,54232986.50090476
rest,midday,30s,175,32372,1954995.0,36514067.96274238,-6670625.06102664,43184693.02376902
rest,midday,30s,176,77089,5429633.0,85891700.89997192,-47100963.56961766,132992664.46958956
rest,midday,30s,177,41040,2786243.0,50240834.57590793,-10926296.350411719,61167130.926319644
rest,midday,30s,178,29950,1795726.0,50998550.21687806,14603611.555153448,36394938.66172461
rest,midday,30s,179,43784,2714747.0,61500207.170985214,-17650307.137380216,79150514.30836543
rest,midday,30s,180,42739,2581577.0,46372172.39837543,100779.21611860115,46271393.18225683
rest,midday,30s,181,40036,2443895.0,41310608.59678513,-16715278.241722146,58025886.83850728
rest,midday,30s,182,37944,2200255.0,48559153.081397116,-211914.4662509848,48771067.547648095
rest,midday,30s,183,44848,2491442.0,42332277.23877776,-3598526.6153784804,45930803.85415624
rest,midday,30s,184,47228,2857022.0,57414070.93526897,-10812442.74033449,68226513.6756035
rest,midday,30s,185,49172,2926525.0,55440627.83765503,2642123.9245977914,52798503.91305724
rest,midday,5s,120,30414,2224803.0,75365095.74416128,5455453.243344615,69909642.50081666
rest,midday,5s,121,30728,2287928.0,66892444.154883996,7124560.780564594,59767883.3743194
rest,midday,5s,122,31136,2358063.0,74542146.04994044,-10692809.156261642,85234955.20620207
rest,midday,5s,123,32671,2565006.0,107713131.64609492,25551610.12169698,82161521.52439794
rest,midday,5s,124,26056,1996207.0,59768278.688398205,-5263831.803423777,65032110.49182198
rest,midday,5s,125,24288,1818437.0,85536835.4871862,28854434.850243393,56682400.6369428
rest,midday,5s,126,35552,2593835.0,79107056.63192476,-18087002.968692627,97194059.60061735
rest,midday,5s,127,32872,2392760.0,76276645.11729984,-2058430.0652696681,78335075.18256949
rest,midday,5s,128,34469,2555722.0,71978692.42499273,-4355844.874224525,76334537.29921724
rest,midday,5s,129,34137,2443366.0,61410953.31760867,1244304.576348649,60166648.74126002
rest,midday,5s,130,39344,2926488.0,88916047.34988974,5682808.405496578,83233238.94439317
rest,midday,5s,131,34480,2632301.0,72226371.80648418,-7922888.036768568,80149259.84325275
rest,midday,5s,132,31810,2221734.0,66837060.37742838,-10420546.150042979,77257606.52747135
rest,midday,5s,133,29908,2088215.0,57446884.08845497,-924065.0486044957,58370949.13705946
rest,midday,5s,134,29328,1966628.0,53240676.76288027,-9265487.501870962,62506164.26475123
rest,midday,5s,135,26696,1734599.0,47943602.90538773,-1131660.4202848044,49075263.32567253
rest,midday,5s,136,29409,1867644.0,49330345.80187238,-5380595.569983687,54710941.37185607
rest,midday,5s,137,25371,1675444.0,89317864.83121957,31707115.18846902,57610749.64275056
rest,midday,5s,138,30750,1890841.0,104596477.95589568,44156548.80841708,60439929.14747862
rest,midday,5s,139,28438,1786396.0,119151809.24018075,63542554.54371498,55609254.696465775
rest,midday,5s,140,27269,1649956.0,40934620.88026349,-10385674.153901566,51320295.03416506
rest,midday,5s,141,29400,1831806.0,108849951.53790115,28584943.20756054,80265008.3303406
rest,midday,5s,142,22980,1433690.0,41804383.802525185,-1979589.98003367,43783973.78255886
rest,midday,5s,143,26534,1665243.0,36706759.23401831,-3929610.188568868,40636369.42258718
rest,midday,5s,144,23938,1334149.0,40366761.003254585,-16580122.265405018,56946883.26865961
rest,midday,5s,145,26030,1507384.0,37535066.202653214,-7150145.9712692555,44685212.173922464
rest,midday,5s,146,26318,1476981.0,40822761.39921957,-5893729.567081584,46716490.96630116
rest,midday,5s,147,26889,1462119.0,33231867.654370584,1670082.0774761522,31561785.576894432
rest,midday,5s,148,23379,1251804.0,32696962.019022796,1803299.498523097,30893662.5204997
rest,midday,5s,149,31156,1791500.0,36444013.7294535,-4356479.849267163,40800493.57872066
rest,midday,5s,150,25939,1465165.0,54353378.63363092,-33034676.426016863,87388055.05964775
rest,midday,5s,151,40622,2420770.0,49616915.54743655,-15287067.638306469,64903983.18574302
rest,midday,5s,152,23405,1400011.0,37300161.60933067,6026155.19446248,31274006.414868195
rest,midday,5s,153,27261,1606620.0,47985122.27661204,7506700.790508429,40478421.486103624
rest,midday,5s,154,28767,1690991.0,35578083.79008636,-4173774.20820338,39751857.998289734
rest,midday,5s,155,21300,1272339.0,37979120.86099574,-6163104.923446499,44142225.784442246
rest,midday,5s,156,24040,1413054.0,41518430.17955367,-13824327.920880228,55342758.100433886
rest,midday,5s,157,24391,1629863.0,71740853.68198474,24606490.963744856,47134362.718239866
rest,midday,5s,158,24360,1360704.0,30276967.62437988,-9237614.960886069,39514582.58526594
rest,midday,5s,159,27712,1625490.0,39267608.04858237,3209257.25553902,36058350.79304335
rest,midday,5s,160,23100,1360353.0,37726689.89352683,4787109.880653392,32939580.01287344
rest,midday,5s,161,22092,1312396.0,31200822.04401356,-20210724.43423459,51411546.47824815
rest,midday,5s,162,28870,1635332.0,34008472.5739358,-1247188.2450514392,35255660.818987235
rest,midday,5s,163,22332,1334400.0,36183710.192618474,-783811.9779601861,36967522.170578666
rest,midday,5s,164,21391,1253836.0,27855620.013221793,-2476633.9177118368,30332253.93093362
rest,midday,5s,165,24206,1415263.0,32283379.24212566,-19651948.513999786,51935327.75612545
rest,midday,5s,166,22351,1325890.0,35852633.34732755,-5573820.663619258,41426454.01094682
rest,midday,5s,167,28584,1724694.0,51536528.2898986,2248614.1889075204,49287914.10099108
rest,midday,5s,168,27211,1711127.0,33083411.82815652,-7135614.083584978,40219025.9117415
rest,midday,5s,169,29168,1725307.0,42629962.98576079,-15216545.486083422,57846508.471844226
rest,midday,5s,170,26320,1536800.0,38249839.8307679,4739744.148517907,33510095.682249997
rest,midday,5s,171,28374,1683165.0,33755486.31899348,-2522551.4140990297,36278037.73309251
rest,midday,5s,172,27132,1576938.0,41797955.76853269,-5791399.927219146,47589355.69575184
rest,midday,5s,173,25226,1506407.0,33561394.31413493,755646.4900181023,32805747.824116826
rest,midday,5s,174,30762,1849404.0,34625580.490561694,-16906555.352515265,51532135.84307695
rest,midday,5s,175,32372,1954995.0,36514067.96274238,-6121924.796239004,42635992.75898138
rest,midday,5s,176,77089,5429633.0,85891700.89997192,-29870195.780754473,115761896.68072638
rest,midday,5s,177,41040,2786243.0,50240834.57590792,-13390775.486939203,63631610.06284713
rest,midday,5s,178,29950,1795726.0,50998550.21687804,10592161.200647607,40406389.01623046
rest,midday,5s,179,43784,2714747.0,61500207.17098521,-7811221.17866314,69311428.34964836
rest,midday,5s,180,42739,2581577.0,46372172.39837543,56684.852676975774,46315487.54569846
rest,midday,5s,181,40036,2443895.0,41310608.59678513,-14981086.522138081,56291695.118923225
rest,midday,5s,182,37944,2200255.0,48559153.081397116,-4828742.119008752,53387895.20040586
rest,midday,5s,183,44848,2491442.0,42332277.23877776,-2554833.639181271,44887110.877959035
rest,midday,5s,184,47228,2857022.0,57414070.93526897,-4525407.195721332,61939478.13099029
rest,midday,5s,185,49172,2926525.0,55440627.83765503,3201737.0626706844,52238890.774984345
rest,open,1s,114,34844,3902084.0,291973849.916668,16171642.211565688,275802207.7051023
rest,open,1s,115,29849,2917405.0,170884458.05668655,34290823.63030187,136593634.4263847
rest,open,1s,116,28892,2576217.0,123698621.2242077,-4966252.333106711,128664873.55731443
rest,open,1s,117,29832,2492035.0,120066997.8140096,7786755.371922012,112280242.44208762
rest,open,1s,118,28071,2400513.0,194131309.92090958,73933216.68203837,120198093.23887123
rest,open,1s,119,26511,2179150.0,138469164.07294497,-11599072.800753796,150068236.87369877
rest,open,30s,114,34844,3902084.0,291973849.916668,-13831050.603849554,305804900.5205175
rest,open,30s,115,29849,2917405.0,170884458.05668652,-17601858.66142795,188486316.71811447
rest,open,30s,116,28892,2576217.0,123698621.22420771,-15960636.314649986,139659257.5388577
rest,open,30s,117,29832,2492035.0,120066997.81400959,-6126557.1576173315,126193554.97162695
rest,open,30s,118,28071,2400513.0,194131309.92090955,69829998.89517081,124301311.02573876
rest,open,30s,119,26511,2179150.0,138469164.072945,17998122.59085425,120471041.48209074
rest,open,5s,114,34844,3902084.0,291973849.91666794,-9303993.398534983,301277843.315203
rest,open,5s,115,29849,2917405.0,170884458.05668652,23868462.38294582,147015995.6737407
rest,open,5s,116,28892,2576217.0,123698621.22420771,-7597627.2944707135,131296248.51867843
rest,open,5s,117,29832,2492035.0,120066997.81400959,-4339502.218581421,124406500.03259106
rest,open,5s,118,28071,2400513.0,194131309.92090955,70428624.62429436,123702685.29661517
rest,open,5s,119,26511,2179150.0,138469164.072945,-24393891.724259518,162863055.79720452
top100,close,1s,186,21107,4449973.0,46925852.994745106,-4168770.6595953368,51094623.6543405
top100,close,1s,187,20107,4108077.0,29460921.64631418,-8296180.524163279,37757102.17047746
top100,close,1s,188,27396,6356520.0,43562947.88472641,-26472935.066808105,70035882.95153451
top100,close,1s,189,27766,6007980.0,40653643.60035505,-13878675.375037998,54532318.97539304
top100,close,1s,190,37737,8707530.0,54199976.470081896,-15494710.059822375,69694686.52990429
top100,close,1s,191,60357,15569684.0,124306798.40515727,6380775.9779605465,117926022.42719668
top100,close,30s,186,21107,4449973.0,46925852.994745106,-46220967.33780479,93146820.33255008
top100,close,30s,187,20107,4108077.0,29460921.646314185,-19548410.385494534,49009332.03180868
top100,close,30s,188,27396,6356520.0,43562947.88472641,-30233812.106532298,73796759.99125871
top100,close,30s,189,27766,6007980.0,40653643.60035505,-14700607.628862515,55354251.229217574
top100,close,30s,190,37737,8707530.0,54199976.47008191,-7221538.261226636,61421514.73130852
top100,close,30s,191,60357,15569684.0,124306798.40515727,-171485845.34258583,295792643.7477432
top100,close,5s,186,21107,4449973.0,46925852.99474512,-5319223.1839220235,52245076.17866721
top100,close,5s,187,20107,4108077.0,29460921.646314178,-13025182.938052913,42486104.5843671
top100,close,5s,188,27396,6356520.0,43562947.88472641,-28296021.38180111,71858969.2665275
top100,close,5s,189,27766,6007980.0,40653643.60035505,-18305453.92209115,58959097.52244619
top100,close,5s,190,37737,8707530.0,54199976.4700819,-14514035.507044679,68714011.97712657
top100,close,5s,191,60357,15569684.0,124306798.40515722,10694379.81489204,113612418.5902653
top100,midday,1s,120,28284,5315704.0,72280507.08342902,-999595.626691743,73280102.71012084
top100,midday,1s,121,26554,4785153.0,48708394.448840864,-14214375.720131056,62922770.168971926
top100,midday,1s,122,25805,4964147.0,55982159.184207186,-19259179.646039505,75241338.83024669
top100,midday,1s,123,25284,4839441.0,54410582.212613285,-2831115.109866451,57241697.32247973
top100,midday,1s,124,21398,4098804.0,43194632.33769064,-13664367.258602716,56858999.59629333
top100,midday,1s,125,18981,3425562.0,39894572.661075436,-7380431.315978091,47275003.97705353
top100,midday,1s,126,21443,4222095.0,54847674.13654987,6703096.465097561,48144577.67145229
top100,midday,1s,127,22374,4471066.0,41050443.44400491,-17466314.681315213,58516758.12532014
top100,midday,1s,128,23105,4638496.0,33065914.163767498,-11976710.433565073,45042624.59733258
top100,midday,1s,129,26473,5256646.0,40800498.3144803,-11417242.519013822,52217740.83349411
top100,midday,1s,130,26234,5332899.0,78990227.28421023,8184979.543058511,70805247.74115174
top100,midday,1s,131,25839,5416983.0,74431310.27027394,3667520.2161498745,70763790.05412407
top100,midday,1s,132,20973,4223213.0,59346952.363018245,6673532.373349417,52673419.98966884
top100,midday,1s,133,19155,4005595.0,52283557.635317765,-9805410.01769945,62088967.65301724
top100,midday,1s,134,19569,4170508.0,46898431.112713404,-8834897.911994113,55733329.02470752
top100,midday,1s,135,17328,3458067.0,37573751.27292686,-829517.487098461,38403268.76002532
top100,midday,1s,136,17007,3631452.0,52971819.710296676,1230431.999650511,51741387.71064621
top100,midday,1s,137,17007,3579874.0,26371568.081399757,-11518833.017876629,37890401.09927638
top100,midday,1s,138,17333,2960646.0,22181019.94351027,1867003.044013545,20314016.899496723
top100,midday,1s,139,16507,3125165.0,42554614.62371319,4934243.905675376,37620370.7180378
top100,midday,1s,140,15046,2977510.0,28086491.519346025,-6264113.517823074,34350605.0371691
top100,midday,1s,141,15724,3006485.0,24491401.998903137,-6265550.754297489,30756952.753200624
top100,midday,1s,142,14434,2858750.0,36932415.179350704,-11430314.122209698,48362729.30156041
top100,midday,1s,143,14394,2826545.0,22615979.548735417,-1381087.0045996853,23997066.553335097
top100,midday,1s,144,11399,2165731.0,21661827.924551066,-7722226.84123603,29384054.765787095
top100,midday,1s,145,11262,2129218.0,22258265.48533974,-9349403.258906322,31607668.74424606
top100,midday,1s,146,11558,2187175.0,20329995.423939347,-4261248.704684945,24591244.128624287
top100,midday,1s,147,12059,2361660.0,20635645.853770215,-5060554.681475876,25696200.535246085
top100,midday,1s,148,9587,1688574.0,14188990.6205137,-3756760.138453682,17945750.758967385
top100,midday,1s,149,12976,2321309.0,19358603.270258255,-10367590.769389484,29726194.039647736
top100,midday,1s,150,11886,2560861.0,18548756.59566084,-8433176.395260789,26981932.990921628
top100,midday,1s,151,24466,5357297.0,38174753.668934815,-11837729.047849648,50012482.71678446
top100,midday,1s,152,16361,2977332.0,43101097.778008826,-660524.450124711,43761622.22813338
top100,midday,1s,153,16511,3289091.0,34642963.83539194,-3123101.826894398,37766065.66228634
top100,midday,1s,154,14956,3632128.0,48718316.57284186,674191.7127880958,48044124.86005376
top100,midday,1s,155,10975,2183858.0,32833436.448628966,4778710.038450102,28054726.410178866
top100,midday,1s,156,12116,2400094.0,26302927.439901926,-11950164.00200022,38253091.441902146
top100,midday,1s,157,10395,2500738.0,30919426.79260988,-4025412.119455853,34944838.912065744
top100,midday,1s,158,9599,2213304.0,23385524.147075165,-7934640.498236578,31320164.64531174
top100,midday,1s,159,9597,2003547.0,15983289.601423506,-1994942.406917751,17978232.00834126
top100,midday,1s,160,9822,2157166.0,18658187.648986418,-6257274.278946282,24915461.927932695
top100,midday,1s,161,9744,1800814.0,23736528.416110963,-9476179.95948782,33212708.375598785
top100,midday,1s,162,11721,2379004.0,28318000.974499796,-19379552.85986724,47697553.83436704
top100,midday,1s,163,9482,1892396.0,13756267.070333008,-4174116.287945585,17930383.358278595
top100,midday,1s,164,8827,1714707.0,25493074.135831084,1976326.3011752043,23516747.83465588
top100,midday,1s,165,9284,1687299.0,15314553.324749503,-3886362.4121891838,19200915.73693869
top100,midday,1s,166,8508,1561961.0,15548202.035730503,-2869036.1231024736,18417238.15883298
top100,midday,1s,167,10160,1824361.0,19817227.064037886,-4159745.1769915544,23976972.241029438
top100,midday,1s,168,10459,2042521.0,21167099.19804396,-3956687.923552338,25123787.1215963
top100,midday,1s,169,12224,2169554.0,21940329.929224446,-1758528.6923128164,23698858.621537272
top100,midday,1s,170,13485,2357607.0,24245481.784026098,-5529438.52585331,29774920.309879385
top100,midday,1s,171,11513,2349531.0,18907023.656648856,-6410364.030980289,25317387.687629152
top100,midday,1s,172,10643,1939084.0,17771947.96840944,-4517783.909969885,22289731.87837933
top100,midday,1s,173,10310,1908327.0,19932803.518668324,-7726803.385565413,27659606.904233735
top100,midday,1s,174,10076,1966101.0,14242693.180262093,-5591465.829468918,19834159.00973101
top100,midday,1s,175,10154,2140535.0,21215408.99823082,-3554417.461073697,24769826.459304515
top100,midday,1s,176,57085,14754404.0,95316540.31576756,-53715512.03263272,149032052.34840026
top100,midday,1s,177,36233,7878513.0,48183804.25809028,-18008471.153681457,66192275.411771715
top100,midday,1s,178,18411,3878216.0,25706159.6283947,-14896638.251398874,40602797.87979356
top100,midday,1s,179,24904,5555763.0,38705072.369270444,-14693199.189507516,53398271.55877797
top100,midday,1s,180,26738,6037560.0,36110084.29434016,-20176710.733290847,56286795.02763101
top100,midday,1s,181,21488,4692278.0,41609978.26594885,-12256448.54720438,53866426.813153215
top100,midday,1s,182,17944,3954473.0,32737652.0279177,-8632703.875426339,41370355.90334404
top100,midday,1s,183,19923,4415459.0,27539433.94474856,-9166027.733393004,36705461.67814157
top100,midday,1s,184,23012,4979773.0,32499751.96591094,-7670093.798848615,40169845.76475956
top100,midday,1s,185,21187,4829669.0,28616841.622723315,-7372522.019872965,35989363.64259628
top100,midday,30s,120,28284,5315704.0,72280507.08342904,-37980500.691635795,110261007.77506486
top100,midday,30s,121,26554,4785153.0,48708394.44884086,-8944470.827937867,57652865.27677873
top100,midday,30s,122,25805,4964147.0,55982159.184207164,-55894543.0374735,111876702.22168073
top100,midday,30s,123,25284,4839441.0,54410582.212613285,-17621887.98660318,72032470.19921647
top100,midday,30s,124,21398,4098804.0,43194632.33769062,-34385635.511572205,77580267.84926285
top100,midday,30s,125,18981,3425562.0,39894572.66107543,-48675772.358174294,88570345.0192498
top100,midday,30s,126,21443,4222095.0,54847674.13654987,442977.49125842936,54404696.645291455
top100,midday,30s,127,22374,4471066.0,41050443.44400492,-15661609.266932856,56712052.71093777
top100,midday,30s,128,23105,4638496.0,33065914.1637675,-45491534.124833405,78557448.28860092
top100,midday,30s,129,26473,5256646.0,40800498.3144803,-27131850.28322847,67932348.59770875
top100,midday,30s,130,26234,5332899.0,78990227.28421022,-52007874.779119715,130998102.06332992
top100,midday,30s,131,25839,5416983.0,74431310.27027394,-27514353.049472418,101945663.31974639
top100,midday,30s,132,20973,4223213.0,59346952.363018245,-6940933.992823762,66287886.35584199
top100,midday,30s,133,19155,4005595.0,52283557.63531777,-7010212.583912569,59293770.21923036
top100,midday,30s,134,19569,4170508.0,46898431.1127134,-59758826.37313422,106657257.48584762
top100,midday,30s,135,17328,3458067.0,37573751.27292685,-11050844.884726046,48624596.1576529
top100,midday,30s,136,17007,3631452.0,52971819.71029669,-5770542.789845271,58742362.500142016
top100,midday,30s,137,17007,3579874.0,26371568.08139976,-6777061.352863508,33148629.434263263
top100,midday,30s,138,17333,2960646.0,22181019.94351027,-2713955.906200316,24894975.849710587
top100,midday,30s,139,16507,3125165.0,42554614.62371317,-2957233.3757104296,45511847.9994236
top100,midday,30s,140,15046,2977510.0,28086491.51934602,-13303830.237492487,41390321.756838515
top100,midday,30s,141,15724,3006485.0,24491401.998903137,1309412.7066619876,23181989.292241152
top100,midday,30s,142,14434,2858750.0,36932415.17935071,-21377626.1374644,58310041.31681511
top100,midday,30s,143,14394,2826545.0,22615979.548735414,-10309282.00614577,32925261.554881185
top100,midday,30s,144,11399,2165731.0,21661827.924551066,-8998225.475269863,30660053.399820928
top100,midday,30s,145,11262,2129218.0,22258265.48533973,-5982958.965575626,28241224.45091536
top100,midday,30s,146,11558,2187175.0,20329995.423939347,-5953062.4686797,26283057.89261904
top100,midday,30s,147,12059,2361660.0,20635645.85377022,-12401531.91830127,33037177.772071484
top100,midday,30s,148,9587,1688574.0,14188990.6205137,-4914016.861677943,19103007.482191645
top100,midday,30s,149,12976,2321309.0,19358603.270258255,-10814894.696676912,30173497.966935165
top100,midday,30s,150,11886,2560861.0,18548756.59566083,-15038855.69545882,33587612.29111964
top100,midday,30s,151,24466,5357297.0,38174753.6689348,-41754921.106565155,79929674.77549997
top100,midday,30s,152,16361,2977332.0,43101097.778008826,-2763602.194695071,45864699.97270386
top100,midday,30s,153,16511,3289091.0,34642963.83539193,1025059.4144560893,33617904.42093581
top100,midday,30s,154,14956,3632128.0,48718316.57284185,-45311088.56333283,94029405.13617468
top100,midday,30s,155,10975,2183858.0,32833436.448628966,-15415393.02742388,48248829.47605284
top100,midday,30s,156,12116,2400094.0,26302927.439901922,-18669101.644929957,44972029.08483188
top100,midday,30s,157,10395,2500738.0,30919426.79260988,-21995856.337590296,52915283.13020019
top100,midday,30s,158,9599,2213304.0,23385524.147075165,-11597004.565184489,34982528.71225965
top100,midday,30s,159,9597,2003547.0,15983289.601423508,-9037407.104995148,25020696.70641866
top100,midday,30s,160,9822,2157166.0,18658187.648986418,-9852543.789202055,28510731.43818847
top100,midday,30s,161,9744,1800814.0,23736528.41611096,-14088772.203870483,37825300.61998144
top100,midday,30s,162,11721,2379004.0,28318000.974499784,-28066714.98536211,56384715.959861904
top100,midday,30s,163,9482,1892396.0,13756267.070333008,-4095419.8954485743,17851686.965781584
top100,midday,30s,164,8827,1714707.0,25493074.135831084,-9817336.318878384,35310410.45470946
top100,midday,30s,165,9284,1687299.0,15314553.324749503,-9486888.246026102,24801441.570775606
top100,midday,30s,166,8508,1561961.0,15548202.035730503,-10495520.569320012,26043722.605050523
top100,midday,30s,167,10160,1824361.0,19817227.06403788,-9132350.168722505,28949577.23276039
top100,midday,30s,168,10459,2042521.0,21167099.198043957,-6260300.54654246,27427399.744586416
top100,midday,30s,169,12224,2169554.0,21940329.929224446,-10119459.872362044,32059789.80158649
top100,midday,30s,170,13485,2357607.0,24245481.784026098,-14735487.010175647,38980968.79420167
top100,midday,30s,171,11513,2349531.0,18907023.656648867,-11049373.092442438,29956396.749091312
top100,midday,30s,172,10643,1939084.0,17771947.968409438,-7425246.418993782,25197194.387403212
top100,midday,30s,173,10310,1908327.0,19932803.518668324,-11944593.819527343,31877397.338195663
top100,midday,30s,174,10076,1966101.0,14242693.180262093,-7014090.165307939,21256783.34557003
top100,midday,30s,175,10154,2140535.0,21215408.99823082,-8131933.831615809,29347342.829846635
top100,midday,30s,176,57085,14754404.0,95316540.31576757,-154340253.11941496,249656793.4351824
top100,midday,30s,177,36233,7878513.0,48183804.25809029,-12795356.66869264,60979160.92678289
top100,midday,30s,178,18411,3878216.0,25706159.6283947,-8918422.237122726,34624581.86551742
top100,midday,30s,179,24904,5555763.0,38705072.36927044,-17956577.258973833,56661649.62824427
top100,midday,30s,180,26738,6037560.0,36110084.29434016,-9454914.921715142,45564999.216055304
top100,midday,30s,181,21488,4692278.0,41609978.26594886,-14414069.692207526,56024047.95815638
top100,midday,30s,182,17944,3954473.0,32737652.0279177,-6500390.221004584,39238042.24892229
top100,midday,30s,183,19923,4415459.0,27539433.94474856,-9277716.1955577,36817150.140306264
top100,midday,30s,184,23012,4979773.0,32499751.965910956,-12348324.619703583,44848076.58561454
top100,midday,30s,185,21187,4829669.0,28616841.62272332,-10785894.829300303,39402736.45202363
top100,midday,5s,120,28284,5315704.0,72280507.08342902,-24204656.567532912,96485163.65096204
top100,midday,5s,121,26554,4785153.0,48708394.44884084,-21052466.025065154,69760860.47390604
top100,midday,5s,122,25805,4964147.0,55982159.18420717,-37279138.688085526,93261297.87229265
top100,midday,5s,123,25284,4839441.0,54410582.21261327,-11733006.207891019,66143588.420504265
top100,midday,5s,124,21398,4098804.0,43194632.3376906,-19496218.105150808,62690850.442841426
top100,midday,5s,125,18981,3425562.0,39894572.66107544,-23013806.64673245,62908379.307807885
top100,midday,5s,126,21443,4222095.0,54847674.136549845,1256472.246551968,53591201.889997885
top100,midday,5s,127,22374,4471066.0,41050443.44400491,-18275878.001692045,59326321.44569695
top100,midday,5s,128,23105,4638496.0,33065914.16376749,-27747644.21730465,60813558.381072156
top100,midday,5s,129,26473,5256646.0,40800498.3144803,-18565231.969795376,59365730.284275666
top100,midday,5s,130,26234,5332899.0,78990227.28421026,-10650994.728865637,89641222.01307589
top100,midday,5s,131,25839,5416983.0,74431310.2702739,-4778914.4175200295,79210224.68779397
top100,midday,5s,132,20973,4223213.0,59346952.36301825,11589908.87792193,47757043.485096276
top100,midday,5s,133,19155,4005595.0,52283557.63531777,-13373745.166701594,65657302.80201937
top100,midday,5s,134,19569,4170508.0,46898431.1127134,-15715174.357039088,62613605.4697525
top100,midday,5s,135,17328,3458067.0,37573751.27292685,-4466939.710065276,42040690.982992135
top100,midday,5s,136,17007,3631452.0,52971819.71029666,-11938862.569831628,64910682.28012836
top100,midday,5s,137,17007,3579874.0,26371568.081399746,-10556880.918401308,36928448.99980106
top100,midday,5s,138,17333,2960646.0,22181019.94351027,-751479.5271111592,22932499.470621426
top100,midday,5s,139,16507,3125165.0,42554614.623713166,903720.1010796393,41650894.52263353
top100,midday,5s,140,15046,2977510.0,28086491.519346036,-11879851.656025486,39966343.17537152
top100,midday,5s,141,15724,3006485.0,24491401.998903133,-7116636.461889938,31608038.46079307
top100,midday,5s,142,14434,2858750.0,36932415.179350704,-13990959.584788153,50923374.76413887
top100,midday,5s,143,14394,2826545.0,22615979.54873541,-389859.90206846746,23005839.450803883
top100,midday,5s,144,11399,2165731.0,21661827.924551066,-8503338.817777874,30165166.742328938
top100,midday,5s,145,11262,2129218.0,22258265.48533973,-8567674.935862876,30825940.421202604
top100,midday,5s,146,11558,2187175.0,20329995.423939344,-6201646.908915509,26531642.332854852
top100,midday,5s,147,12059,2361660.0,20635645.853770215,-10413547.707637489,31049193.561407693
top100,midday,5s,148,9587,1688574.0,14188990.6205137,-3278981.0898075486,17467971.710321248
top100,midday,5s,149,12976,2321309.0,19358603.270258255,-12407323.422144022,31765926.692402273
top100,midday,5s,150,11886,2560861.0,18548756.59566084,-9978487.913511068,28527244.509171903
top100,midday,5s,151,24466,5357297.0,38174753.66893481,-19551607.27794806,57726360.94688288
top100,midday,5s,152,16361,2977332.0,43101097.778008826,-8317023.085700803,51418120.86370952
top100,midday,5s,153,16511,3289091.0,34642963.83539193,-631444.056654023,35274407.89204595
top100,midday,5s,154,14956,3632128.0,48718316.57284187,-17274833.74582877,65993150.31867062
top100,midday,5s,155,10975,2183858.0,32833436.448628966,-6923898.5967406435,39757335.04536961
top100,midday,5s,156,12116,2400094.0,26302927.439901926,-17278862.4827313,43581789.92263322
top100,midday,5s,157,10395,2500738.0,30919426.79260988,-6671996.76015916,37591423.55276906
top100,midday,5s,158,9599,2213304.0,23385524.147075165,-7249562.993163612,30635087.14023877
top100,midday,5s,159,9597,2003547.0,15983289.601423506,-6314998.5472282125,22298288.14865172
top100,midday,5s,160,9822,2157166.0,18658187.648986414,-8022372.091494326,26680559.740480743
top100,midday,5s,161,9744,1800814.0,23736528.41611096,-9580579.894465655,33317108.31057661
top100,midday,5s,162,11721,2379004.0,28318000.974499788,-28776395.899453625,57094396.8739534
top100,midday,5s,163,9482,1892396.0,13756267.070333008,-4413547.558556713,18169814.628889725
top100,midday,5s,164,8827,1714707.0,25493074.135831084,471514.55269831466,25021559.58313277
top100,midday,5s,165,9284,1687299.0,15314553.324749514,-5166338.637594281,20480891.962343786
top100,midday,5s,166,8508,1561961.0,15548202.035730503,-4972105.786248977,20520307.821979478
top100,midday,5s,167,10160,1824361.0,19817227.06403788,-12445756.385768628,32262983.449806508
top100,midday,5s,168,10459,2042521.0,21167099.19804396,-4144701.1179682896,25311800.316012245
top100,midday,5s,169,12224,2169554.0,21940329.929224443,-5401236.856307818,27341566.785532273
top100,midday,5s,170,13485,2357607.0,24245481.784026098,-9564394.270724345,33809876.05475044
top100,midday,5s,171,11513,2349531.0,18907023.65664885,-10149448.68921964,29056472.345868498
top100,midday,5s,172,10643,1939084.0,17771947.968409438,-7257648.963894205,25029596.932303645
top100,midday,5s,173,10310,1908327.0,19932803.51866832,-10293144.283364167,30225947.802032486
top100,midday,5s,174,10076,1966101.0,14242693.180262094,-7246607.109758055,21489300.29002015
top100,midday,5s,175,10154,2140535.0,21215408.99823082,-6270421.326700753,27485830.324931573
top100,midday,5s,176,57085,14754404.0,95316540.31576759,-110885260.2002495,206201800.51601708
top100,midday,5s,177,36233,7878513.0,48183804.25809028,-30621210.38642434,78805014.64451462
top100,midday,5s,178,18411,3878216.0,25706159.6283947,-6239275.351519297,31945434.979913987
top100,midday,5s,179,24904,5555763.0,38705072.36927043,-16795982.765458126,55501055.134728566
top100,midday,5s,180,26738,6037560.0,36110084.29434016,-16085932.67226403,52196016.96660419
top100,midday,5s,181,21488,4692278.0,41609978.26594884,-11213976.026158577,52823954.29210741
top100,midday,5s,182,17944,3954473.0,32737652.027917698,-8190796.063740234,40928448.09165794
top100,midday,5s,183,19923,4415459.0,27539433.94474856,-12446417.126631401,39985851.07137996
top100,midday,5s,184,23012,4979773.0,32499751.965910956,-14791919.60206417,47291671.56797511
top100,midday,5s,185,21187,4829669.0,28616841.62272331,-9890010.930261184,38506852.55298451
top100,open,1s,114,70917,14864293.0,246275996.27734315,-54068167.0798472,300344163.35719067
top100,open,1s,115,51733,10940244.0,138993980.31888792,-21030787.21807342,160024767.5369613
top100,open,1s,116,37138,7016068.0,91204939.93025267,-19617347.2290168,110822287.1592695
top100,open,1s,117,31986,6499150.0,86109955.9739469,-10568561.447593313,96678517.42154023
top100,open,1s,118,32941,6001643.0,72288362.87924011,-5983980.659920596,78272343.53916073
top100,open,1s,119,28411,4650080.0,51492221.78655985,-7010067.932936376,58502289.71949623
top100,open,30s,114,70917,14864293.0,246275996.27734315,-298442452.537443,544718448.8147867
top100,open,30s,115,51733,10940244.0,138993980.31888795,-51877231.74028242,190871212.0591703
top100,open,30s,116,37138,7016068.0,91204939.93025267,-48785602.80053683,139990542.7307895
top100,open,30s,117,31986,6499150.0,86109955.9739469,-28748975.984979626,114858931.95892657
top100,open,30s,118,32941,6001643.0,72288362.87924011,-44288257.666805714,116576620.54604582
top100,open,30s,119,28411,4650080.0,51492221.78655984,-20274258.613508377,71766480.40006824
top100,open,5s,114,70917,14864293.0,246275996.27734295,-202468622.9250848,448744619.2024278
top100,open,5s,115,51733,10940244.0,138993980.31888795,-51363752.28299883,190357732.60188666
top100,open,5s,116,37138,7016068.0,91204939.9302527,-54013478.835951276,145218418.7662039
top100,open,5s,117,31986,6499150.0,86109955.97394693,-21004331.770364422,107114287.74431139
top100,open,5s,118,32941,6001643.0,72288362.8792401,-20113468.260986645,92401831.14022677
top100,open,5s,119,28411,4650080.0,51492221.78655984,-18658689.719363384,70150911.50592324
